OBJECT_NAME,OBJECT_ID,EPOCH,MEAN_MOTION,ECCENTRICITY,INCLINATION,RA_OF_ASC_NODE,ARG_OF_PERICENTER,MEAN_ANOMALY,EPHEMERIS_TYPE,CLASSIFICATION_TYPE,NORAD_CAT_ID,ELEMENT_SET_NO,REV_AT_EPOCH,BSTAR,MEAN_MOTION_DOT,MEAN_MOTION_DDOT
RASSVET-3 1,2026-061A,2026-10-06T17:10:25.140000,15.18485259,.00013132,82.2874,258.3415,60.4173,299.7191,0,U,68360,999,3049,.15326447E-3,.3188E-4,0
RASSVET-3 2,2026-061B,2026-10-06T17:26:00.559968,15.18515613,.00006111,82.2889,256.9497,162.8008,197.3247,0,U,68361,999,3058,.16288551E-3,.3389E-4,0
RASSVET-3 3,2026-061C,2026-10-06T18:26:37.861728,15.18513807,.00021024,82.2922,260.4491,159.9603,200.1713,0,U,68362,999,3037,.17778515E-3,.3696E-4,0
RASSVET-3 5,2026-061E,2026-10-06T17:01:01.291872,15.18511460,.00014457,82.2927,261.3509,67.3854,292.7532,0,U,68364,999,3031,.16803257E-3,.3495E-4,0
RASSVET-3 6,2026-061F,2026-10-06T16:54:51.693408,15.18481085,.00019425,82.2907,260.9840,133.7030,226.4365,0,U,68365,999,3033,.17660712E-3,.3669E-4,0
RASSVET-3 7,2026-061G,2026-10-06T16:57:57.834432,15.18496293,.00033661,82.2904,260.3342,115.5890,244.5692,0,U,68366,999,3037,.16999279E-3,.3534E-4,0
RASSVET-3 8,2026-061H,2026-10-06T17:19:46.452288,15.18482078,.00012376,82.2888,257.7540,108.3360,251.8008,0,U,68367,999,3053,.14207156E-3,.2957E-4,0
RASSVET-3 9,2026-061J,2026-10-06T17:07:17.883552,15.18482940,.00015399,82.2891,258.5461,332.1571,27.9579,0,U,68368,999,3048,.15546635E-3,.3233E-4,0
RASSVET-3 10,2026-061K,2026-10-06T17:29:04.737984,15.18500884,.00006737,82.2833,252.6618,192.9601,167.1616,0,U,68369,999,3085,.1998812E-3,.415E-4,0
RASSVET-3 11,2026-061L,2026-10-06T19:55:56.815680,15.64260767,.00074516,82.2861,249.3895,242.8230,117.2269,0,U,68370,999,3106,-.73440036E-3,-.69223E-3,0
RASSVET-3 12,2026-061M,2026-10-06T17:04:13.528416,15.18510845,.00023336,82.2910,260.9891,51.0047,309.1394,0,U,68371,999,3033,.1622407E-3,.3376E-4,0
RASSVET-3 13,2026-061N,2026-10-06T17:16:39.924192,15.18485510,.00004921,82.2923,260.5759,214.3243,145.7959,0,U,68372,999,3036,.14358211E-3,.2988E-4,0
RASSVET-3 14,2026-061P,2026-10-06T17:37:28.208064,15.72541853,.00120753,82.2882,248.9499,73.0383,287.2202,0,U,68373,999,3108,.23026667E-3,.30956E-3,0
RASSVET-3 15,2026-061Q,2026-10-06T17:22:51.580704,15.18492293,.00004318,82.2920,257.4879,191.8539,168.2685,0,U,68374,999,3055,.15551001E-3,.3235E-4,0
RASSVET-3 16,2026-061R,2026-10-06T17:13:29.464896,15.18479393,.00019297,82.2894,258.5601,44.7633,315.3756,0,U,68375,999,3048,.14429405E-3,.3003E-4,0
RASSVET-3 17,2026-165A,2026-10-06T19:03:41.700096,16.05952503,.00175686,82.2911,140.8406,121.2285,239.0720,0,U,100083,999,1258,.33924914E-3,.249453E-2,.26521732E-4
RASSVET-3 18,2026-165B,2026-10-06T17:45:19.736928,15.27660977,.0000462,82.2969,144.5441,249.2159,110.9030,0,U,100084,999,1235,.97384083E-4,.2664E-4,0
RASSVET-3 19,2026-165C,2026-10-06T20:48:19.619136,15.24439294,.00075187,82.2982,144.5643,306.0050,54.0489,0,U,100085,999,1236,-.24655866E-1,-.567051E-2,0
RASSVET-3 20,2026-165D,2026-10-06T17:28:59.078784,15.27636778,.00010035,82.2991,144.0502,130.8237,229.3088,0,U,100086,999,1238,.89241916E-4,.2442E-4,0
RASSVET-3 21,2026-165E,2026-10-06T20:34:46.945056,15.40055295,.00015606,82.2991,143.5933,324.3491,35.7650,0,U,100087,999,1242,-.19491399E-1,-.718539E-2,0
RASSVET-3 22,2026-165F,2026-10-06T20:46:04.062720,15.25070733,.00018783,82.2975,144.8815,32.2076,327.9275,0,U,100088,999,1234,-.21904493E-1,-.510708E-2,0
RASSVET-3 23,2026-165G,2026-10-06T20:14:08.572992,16.07615702,.00168886,82.2910,140.7386,123.1895,237.1009,0,U,100089,999,1259,.41145557E-3,.334916E-2,.51180505E-4
RASSVET-3 24,2026-165H,2026-10-06T16:13:14.485440,15.30150574,.00052475,82.2984,144.1336,132.8071,227.3610,0,U,100090,999,1237,-.20828027E-1,-.563447E-2,0
RASSVET-3 25,2026-165J,2026-10-06T18:05:23.297568,15.27670122,.00003509,82.2992,144.5735,293.9623,66.1579,0,U,100091,999,1235,.74100022E-4,.2036E-4,0
RASSVET-3 26,2026-165K,2026-10-06T17:29:59.589024,15.84954014,.00107043,82.2958,141.5750,123.0230,237.2069,0,U,100092,999,1253,-.68564024E-4,-.15884E-3,0
RASSVET-3 27,2026-165L,2026-10-06T20:47:10.042944,15.19596426,.00032826,82.2972,144.3997,68.0063,292.1520,0,U,100093,999,1237,-.18823182E-1,-.380068E-2,0
RASSVET-3 28,2026-165M,2026-10-06T20:41:10.774464,15.29347655,.00027457,82.2978,143.7508,122.4147,237.7358,0,U,100094,999,1241,-.17716331E-1,-.472838E-2,0
RASSVET-3 29,2026-165N,2026-10-06T17:21:56.977632,15.18770809,.00028834,82.2991,145.4862,219.3490,140.7535,0,U,100095,999,1229,.6927542E-4,.147E-4,0
RASSVET-3 30,2026-165P,2026-10-06T17:28:50.525184,15.22586422,.00055637,82.3001,145.0214,160.1863,199.9590,0,U,100096,999,1232,-.27347664E-1,-.59314E-2,0
RASSVET-3 31,2026-165Q,2026-10-06T20:50:23.315424,15.18501392,.00000719,82.2968,144.4003,263.9368,96.1858,0,U,100097,999,1237,-.5325198E-4,-.1065E-4,0
RASSVET-3 32,2026-165R,2026-10-06T20:35:17.118528,15.19635878,.00028174,82.2967,144.5336,73.0192,287.1351,0,U,100098,999,1236,-.16548826E-1,-.336465E-2,0
